Date,High,Low,Close,Volume,VolumeT
2013-01-02,12.8,12,12.7,15,15571
2013-01-03,12.9,12.6,12.6,8,5105
2013-01-04,12.5,12.1,12.5,3,3
2013-01-07,12.7,12,12,8,898
2013-01-08,12.5,12,12.5,11,16220
2013-01-09,12.6,12.6,12.6,2,2
2013-01-10,12.8,12.5,12.5,23,26619
2013-01-11,12.6,12.5,12.5,9,17776
2013-01-15,13.3,12.6,12.9,24,12430
2013-01-16,13.2,13,13.1,15,6533
2013-01-17,13.1,13,13.1,13,19448
2013-01-18,13.1,12.6,13,18,6932
2013-01-21,13,12.6,12.6,7,2310
2013-01-22,12.9,12.5,12.8,11,5109
2013-01-23,12.9,12.6,12.6,9,27
2013-01-24,12.9,12.6,12.6,5,920
2013-01-28,12.6,12.6,12.6,8,10526
2013-01-29,13.2,12.6,12.6,4,2521
2013-01-30,13.1,12.5,12.6,6,14396
2013-01-31,13.1,12.8,12.9,13,5101
2013-02-01,13.1,12.5,12.6,9,4773
2013-02-05,13.6,12.8,12.9,34,13303
2013-02-06,13.7,13.6,13.7,3,300
2013-02-07,13.8,12.7,13.2,12,5447
2013-02-08,12.7,12.7,12.7,1,100
2013-02-11,13,12.8,12.8,5,4500
2013-02-12,13.4,12.7,13.3,17,25556
2013-02-13,13.6,13.4,13.4,22,8750
2013-02-14,13.3,13.2,13.3,7,12400
2013-02-15,13.4,13,13,17,5270
2013-02-18,12.9,12.8,12.8,4,566
2013-02-19,13.2,12.8,13.2,7,16502
2013-02-20,13,12.8,13,9,26062
2013-02-21,13.2,12.8,13,6,22107
2013-02-22,13.2,12.5,12.6,14,11879
2013-02-26,13,12.3,13,4,5904
2013-02-27,12.3,12.3,12.3,1,167
2013-02-28,12.8,12.8,12.8,1,2
2013-03-01,12.8,12.5,12.8,3,618
2013-03-04,12.5,12.3,12.3,6,3700
2013-03-05,12.3,12.3,12.3,4,1400
2013-03-06,12.5,11.5,11.6,4,15388
2013-03-07,12.5,11.3,12,19,12941
2013-03-08,12,11.4,11.5,16,7149
2013-03-11,12.2,12.1,12.1,3,800
2013-03-12,12.4,12,12,5,2600
2013-03-13,12.3,11.8,12,3,10200
2013-03-14,12,11.5,11.7,7,2200
2013-03-15,11.6,11.6,11.6,2,3000
2013-03-19,12,12,12,1,25
2013-03-20,12,11.3,11.3,5,863
2013-03-25,12.5,12.5,12.5,1,1
2013-03-27,11.6,11.5,11.5,8,1998
2013-03-28,11.6,11.5,11.5,4,4201
2013-04-01,11.6,11.4,11.5,13,7752
2013-04-02,11.5,11.4,11.5,6,5510
2013-04-03,11.5,11.5,11.5,3,451
2013-04-04,11.2,11.2,11.2,1,66
2013-04-05,11.9,11,11.6,18,20834
2013-04-08,11.9,11,11.5,4,1202
2013-04-09,11.7,11.5,11.7,9,1700
2013-04-10,12.4,11.9,12.1,6,14105
2013-04-11,12,12,12,1,5000
2013-04-12,12.3,12.3,12.3,2,1000
2013-04-16,12.3,12,12.3,7,1800
2013-04-17,12,11.8,11.8,14,15010
2013-04-18,12.1,12.1,12.1,1,200
2013-04-19,12.3,12,12.3,2,1167
2013-04-22,12.4,12,12.3,6,1926
2013-04-23,12.8,12.4,12.8,19,15603
2013-04-24,13.1,12.4,12.7,10,3721
2013-04-26,12.2,12.2,12.2,3,200
2013-04-29,12.3,12.3,12.3,2,2850
2013-04-30,12.3,12.1,12.3,4,1000
2013-05-02,13,12,12,17,8387
2013-05-03,13,12.5,12.9,8,5590
2013-05-06,12.8,12.1,12.2,35,12155
2013-05-07,12.3,12.2,12.2,5,2368
2013-05-08,12.8,12.3,12.6,11,1643
2013-05-09,12.8,12.5,12.8,15,5985
2013-05-10,12.9,12.7,12.8,9,5404
2013-05-13,12.9,12.8,12.9,3,1316
2013-05-14,13.2,12.9,13,11,4647
2013-05-15,13.2,12.5,12.7,18,27110
2013-05-16,13.1,12.3,12.3,2,105
2013-05-17,13.2,12.8,13.2,25,26886
2013-05-20,13.5,13.4,13.5,2,10
2013-05-21,13.3,12.8,12.8,14,12973
2013-05-22,12.8,12.6,12.6,9,11404
2013-05-23,12.5,12.5,12.5,2,1000
2013-05-27,12.9,12,12,15,19628
2013-05-28,12.5,12.1,12.5,5,2202
2013-05-29,12.3,12.3,12.3,2,1000
2013-05-30,12.8,12.5,12.5,7,7288
2013-05-31,12.5,12.5,12.5,6,5211
2013-06-03,13.3,12.5,12.8,33,58098
2013-06-04,13,12.9,13,2,8
2013-06-05,13,12.7,12.7,5,1451
2013-06-06,13,12.7,12.7,5,9200
2013-06-07,12.6,12.5,12.5,5,2411
2013-06-10,12.5,12.5,12.5,2,10800
2013-06-11,12.5,12.3,12.3,6,3100
2013-06-12,12.5,12.5,12.5,1,1
2013-06-13,12.5,12.4,12.4,5,1623
2013-06-14,12.5,12.2,12.2,4,1912
2013-06-17,12.4,12.4,12.4,6,26
2013-06-18,12.3,11,12,12,12921
2013-06-19,12,11.6,11.6,7,2509
2013-06-21,12,11.9,11.9,6,1605
2013-06-24,11.6,11.6,11.6,1,75
2013-06-25,12,11.6,12,2,505
2013-06-26,12,12,12,1,100
2013-06-27,12,12,12,1,50
2013-07-01,12,11.6,11.9,4,125
2013-07-02,11.9,11.5,11.5,6,214
2013-07-03,11.5,11.4,11.4,15,9701
2013-07-04,11.5,11.3,11.4,9,2437
2013-07-05,11.4,11.4,11.4,1,1
2013-07-08,11.4,11.3,11.4,9,12500
2013-07-09,11.4,11.4,11.4,5,620
2013-07-10,11.2,11.2,11.2,5,671
2013-07-11,11.5,11.5,11.5,1,20
2013-07-12,11.1,10.9,10.9,11,3850
2013-07-16,10.9,10.9,10.9,2,1000
2013-07-18,11.4,10.5,11,10,4600
2013-07-19,11.1,10.8,10.9,7,5157
2013-07-24,11.4,11,11.1,4,2300
2013-07-25,11.2,11,11.1,9,4218
2013-07-26,11.3,11,11.3,3,118
2013-07-29,11,11,11,1,75
2013-07-30,11.2,10.8,10.8,11,4054
2013-07-31,11,10.6,10.6,6,800
2013-08-02,10.6,10,10.6,12,3062
2013-08-05,10.3,10.1,10.1,4,6400
2013-08-06,10.9,10.3,10.3,10,4593
2013-08-07,10.2,10.1,10.1,14,9300
2013-08-08,10.6,10,10,18,14910
2013-08-12,10.1,10,10.1,6,275
2013-08-13,10.5,10,10,10,17500
2013-08-14,10.5,10,10,11,6153
2013-08-15,10.5,10,10.5,2,202
2013-08-16,10.2,10.2,10.2,2,253
2013-08-19,10.2,9.9,10.2,4,1112
2013-08-21,10.1,10,10,6,718
2013-08-22,10,9.9,9.9,6,1314
2013-08-23,10,9.7,9.9,11,5489
2013-08-27,9.6,9.5,9.5,4,1250
2013-08-28,9.5,9.1,9.2,8,7020
2013-08-29,9.3,9.2,9.3,8,3475
2013-08-30,10,9.5,9.8,8,103
2013-09-02,9.6,9.1,9.3,10,1163
2013-09-03,9.6,9,9.5,14,7360
2013-09-04,9.1,9.1,9.1,2,2
2013-09-05,9.5,9.5,9.5,3,310
2013-09-06,9.5,9.5,9.5,6,1210
2013-09-09,9.8,9,9.1,20,13772
2013-09-10,10,9.9,9.9,5,202
2013-09-11,10.1,9.9,10.1,14,4251
2013-09-12,10.2,10.2,10.2,3,3
2013-09-13,10.3,9.4,10.1,12,6288
2013-09-16,10.2,10.2,10.2,1,1
2013-09-17,10.4,9.8,10.3,4,13
2013-09-18,10.3,10,10.2,5,2200
2013-09-20,10.3,10.3,10.3,5,2802
2013-09-23,10.6,10.2,10.2,15,15417
2013-09-24,10.3,10.2,10.2,3,730
2013-09-25,10.2,10.1,10.1,8,320
2013-09-26,10.3,10.2,10.3,6,1020
2013-09-27,10.4,10.3,10.4,6,4000
2013-09-30,10.7,10.2,10.6,20,4264
2013-10-01,10.6,10.3,10.5,8,5723
2013-10-02,10.6,10.2,10.2,7,4401
2013-10-03,10.6,10.1,10.5,13,6703
2013-10-04,10.5,10.2,10.5,4,201
2013-10-07,10.6,10.3,10.5,11,10949
2013-10-08,10.9,10.5,10.5,5,1302
2013-10-09,11,10.6,10.8,16,8027
2013-10-10,11.2,10.7,11,28,27003
2013-10-11,11,10.9,11,14,10666
2013-10-14,11.2,10.9,10.9,11,4808
2013-10-15,11.2,11.2,11.2,1,1
2013-10-17,11.3,11,11,12,15800
2013-10-21,11.2,10.9,11,6,12150
2013-10-22,11.3,11.1,11.2,5,2800
2013-10-23,11,11,11,1,800
2013-10-24,10.8,10.7,10.8,5,2257
2013-10-25,11.4,11,11,6,727
2013-10-28,11.1,10.4,10.5,9,1940
2013-10-29,11,11,11,1,700
2013-10-31,10.6,10.6,10.6,3,301
2013-11-01,11,10.8,11,3,2701
2013-11-04,11,10.6,11,12,5195
2013-11-05,10.7,10.6,10.6,5,4001
2013-11-06,10.6,10.6,10.6,3,17
2013-11-07,11,10.6,10.6,9,8168
2013-11-08,10.9,10.5,10.5,11,3669
2013-11-11,10.9,10.1,10.7,8,2414
2013-11-12,10.5,10.5,10.5,1,800
2013-11-13,10.1,9.7,9.9,9,1203
2013-11-14,10.8,10.5,10.6,5,2734
2013-11-15,10.2,10,10,8,2400
2013-11-18,10,9.7,9.8,10,3800
2013-11-19,10.4,9.3,9.5,13,8874
2013-11-20,10,9.3,9.3,16,12134
2013-11-21,9.7,9.7,9.7,1,200
2013-11-22,10,9.7,10,6,5000
2013-11-25,10,9.5,10,30,29321
2013-11-26,9.8,9.7,9.8,5,306
2013-12-02,9.5,9.1,9.2,26,17204
2013-12-03,9.1,9,9,14,7510
2013-12-04,9.2,9,9.1,7,2201
2013-12-05,9.2,9,9.1,9,6200
2013-12-06,9.2,9.1,9.1,7,2101
2013-12-09,9.1,9.1,9.1,4,684
2013-12-10,9,8.5,8.5,27,58220
2013-12-11,8.7,8.5,8.5,25,26002
2013-12-12,8.5,8.5,8.5,9,7030
2013-12-13,8.7,8.5,8.5,10,23044
2013-12-17,8.9,8.5,8.9,14,7204
2013-12-18,8.9,8.5,8.5,28,50932
2013-12-19,9.3,9,9,6,1127
2013-12-20,9.3,8.9,9,11,10398
2013-12-23,9,8.7,8.7,11,6140
2013-12-24,9.1,8.7,9.1,6,1063
2013-12-26,8.9,8.6,8.9,25,10304
2013-12-27,9.1,8.7,9.1,9,12380
2013-12-30,9.4,9.1,9.2,14,12400
2013-12-31,9.3,9.1,9.2,10,5125
2014-01-02,9.3,9,9.2,11,1529
2014-01-03,9.4,9,9.2,13,9409
2014-01-06,9.3,9.1,9.3,18,15728
2014-01-07,9.2,9.1,9.1,5,1471
2014-01-08,10.1,9.2,10,69,107606
2014-01-09,10.2,10,10.1,25,30444
2014-01-10,10.1,10,10,7,4470
2014-01-13,11,10.2,10.6,22,6707
2014-01-16,10.9,10.4,10.4,4,3883
2014-01-17,10,10,10,2,2117
2014-01-20,10.5,10,10,6,13340
2014-01-21,10,10,10,3,794
2014-01-22,10,10,10,4,1506
2014-01-23,10.6,10,10.2,11,21659
2014-01-24,10.1,10.1,10.1,2,400
2014-01-27,10.5,10.1,10.3,8,2640
2014-01-28,10.1,9.7,9.8,5,3413
2014-01-29,10.2,9.8,10.2,3,1052
2014-01-30,9.8,9.8,9.8,2,1670
2014-01-31,9.8,9.8,9.8,2,500
2014-02-03,9.8,9.8,9.8,2,5000
2014-02-05,9.9,9.8,9.8,20,23664
2014-02-06,9.8,9.8,9.8,1,2000
2014-02-07,10,9.7,9.7,16,5802
2014-02-10,9.8,9.4,9.4,32,50986
2014-02-11,9.4,9.2,9.4,18,23086
2014-02-12,9.7,9.3,9.3,6,7452
2014-02-13,9.3,9.2,9.3,3,1520
2014-02-18,9.3,9.3,9.3,2,315
2014-02-19,9.4,9.2,9.2,16,27460
2014-02-20,9.5,9.2,9.2,10,20914
2014-02-21,9.3,9.2,9.3,3,1321
2014-02-24,9.3,9.3,9.3,1,30
2014-02-26,9.3,9.3,9.3,10,18200
2014-02-28,9.4,9.3,9.4,6,2900
2014-03-03,9.3,9.2,9.2,9,700
2014-03-04,9.2,9.2,9.2,4,4051
2014-03-05,9.1,9.1,9.1,2,2000
2014-03-06,9.3,9,9,14,6920
2014-03-07,9.3,9.3,9.3,2,148
2014-03-10,9,9,9,7,3556
2014-03-11,9.1,8.9,9,10,8323
2014-03-12,9.1,8.9,8.9,20,6310
2014-03-13,9,8.8,8.8,11,8524
2014-03-17,8.8,8.8,8.8,3,1344
2014-03-18,8.9,8.9,8.9,5,3717
2014-03-19,9,8.9,8.9,4,551
2014-03-20,8.9,8.8,8.9,14,4716
2014-03-21,9.1,8.8,9.1,6,5082
2014-03-24,9.1,9,9,3,3200
2014-03-25,9,8.7,8.7,13,6025
2014-03-26,8.9,8.8,8.9,2,207
2014-03-27,9,8.8,9,13,32353
2014-03-28,8.9,8.9,8.9,3,616
2014-03-31,9.5,9.2,9.3,5,7133
2014-04-01,9.4,9.3,9.4,3,3902
2014-04-02,9.4,8.9,9,11,12600
2014-04-03,9,9,9,2,1900
2014-04-07,9.1,9.1,9.1,1,300
2014-04-08,9.1,9.1,9.1,3,201
2014-04-09,9,9,9,1,1
2014-04-10,9,8.9,8.9,8,6900
2014-04-11,9,9,9,3,61
2014-04-16,8.9,8.9,8.9,1,66
2014-04-17,9.5,9,9.5,23,16433
2014-04-21,9.4,9.3,9.4,7,2800
2014-04-22,9.3,9.3,9.3,1,600
2014-04-23,9.2,9.2,9.2,1,117
2014-04-24,9.2,9.2,9.2,9,4473
2014-04-25,9.5,9.3,9.5,10,9922
2014-04-28,9.7,9.5,9.5,6,3474
2014-04-29,9.5,9.2,9.2,9,4260
2014-04-30,9.7,9.4,9.6,11,7601
2014-05-02,9.7,9.6,9.7,16,13674
2014-05-05,9.8,9.6,9.6,14,6131
2014-05-06,9.8,9.6,9.8,10,3602
2014-05-07,9.8,9.6,9.6,6,1028
2014-05-08,9.7,9.5,9.5,7,1723
2014-05-09,9.7,9.6,9.6,13,7868
2014-05-12,10,9.6,9.9,25,20895
2014-05-13,10,9.9,9.9,13,9410
2014-05-16,10,10,10,2,720
2014-05-19,10,9.6,9.6,15,12744
2014-05-20,9.8,9.8,9.8,1,25
2014-05-21,9.9,9.8,9.8,5,1118
2014-05-23,9.9,9.6,9.9,13,4284
2014-05-26,9.5,9.5,9.5,6,6463
2014-05-27,9.9,9.4,9.8,9,1898
2014-05-28,9.9,9.6,9.6,4,2731
2014-05-29,10,9.7,9.9,29,40864
2014-05-30,10,9.8,9.9,7,4942
2014-06-02,9.9,9.7,9.7,10,17120
2014-06-03,9.9,9.7,9.8,7,2134
2014-06-04,9.9,9.8,9.9,9,1113
2014-06-05,9.9,9.7,9.7,4,301
2014-06-06,9.8,9.8,9.8,2,6
2014-06-09,10,9.8,10,15,6795
2014-06-10,10.2,10,10.1,36,60693
2014-06-11,11,10,10.7,42,53868
2014-06-13,11.9,10.6,10.9,22,78705
2014-06-16,11.3,11,11,20,23205
2014-06-17,11.3,10.9,11.1,21,8215
2014-06-18,11.1,11,11,6,5740
2014-06-19,11.1,11,11,18,11956
2014-06-20,11,10.9,10.9,7,6371
2014-06-23,11,11,11,2,510
2014-06-24,10.9,10.9,10.9,7,3237
2014-06-25,10.7,10.7,10.7,1,1000
2014-06-26,10.9,10.6,10.7,9,12368
2014-06-27,11,11,11,13,1808
2014-06-30,10.7,10.6,10.6,4,1001
2014-07-01,11,10.9,10.9,18,34659
2014-07-02,11.2,11,11.1,9,1275
2014-07-03,11.2,11,11,9,14846
2014-07-04,11.3,11,11.1,13,81417
2014-07-07,11.5,11,11,12,132977
2014-07-08,11.1,11,11,9,27734
2014-07-09,11.2,11.1,11.1,7,156
2014-07-10,11.1,11,11,6,1250
2014-07-11,11,10.8,10.8,10,4024
2014-07-14,11,11,11,1,145
2014-07-15,11.1,11,11,4,3047
2014-07-16,11.1,11,11,5,281
2014-07-17,11.2,11,11.1,16,32264
2014-07-18,11.1,11,11,9,6833
2014-07-21,11.1,11,11.1,3,1102
2014-07-22,11.5,11.1,11.3,34,35012
2014-07-23,11.8,11.5,11.7,8,3800
2014-07-24,11.8,11.2,11.4,8,1572
2014-07-25,11.8,11.5,11.5,10,5500
2014-07-28,12,11.5,12,19,31275
2014-07-30,11.9,11.9,11.9,2,700
2014-07-31,11.9,11.8,11.8,10,11300
2014-08-01,11.6,11.2,11.6,8,56412
2014-08-04,11.7,11.5,11.7,2,31600
2014-08-05,11.9,11.4,11.4,11,7779
2014-08-06,11.5,11.5,11.5,3,2000
2014-08-07,11.5,11.5,11.5,6,1660
2014-08-08,11.7,11.7,11.7,8,20300
2014-08-11,11.7,11.5,11.7,5,5350
2014-08-12,12.4,11.9,12.1,30,41650
2014-08-13,14,12.2,13.4,89,82638
2014-08-14,13.9,13.1,13.5,29,23592
2014-08-15,13.5,13.2,13.2,9,12270
2014-08-18,13.7,13.6,13.6,2,11
2014-08-19,13.3,13,13.1,10,10200
2014-08-20,13,12.8,12.8,14,20406
2014-08-21,12.9,12.8,12.8,4,719
2014-08-22,12.9,12.9,12.9,5,5413
2014-08-25,13,12.8,12.9,11,7104
2014-08-26,12.9,12.8,12.9,11,10098
2014-08-27,13,12.8,12.9,11,4490
2014-08-28,13,12.8,12.8,17,5890
2014-08-29,13,12.8,12.9,9,41658
2014-09-01,13,12.8,12.9,10,4600
2014-09-02,13.1,13,13,19,28881
2014-09-03,13.2,13.2,13.2,3,1200
2014-09-04,13.2,13,13,4,220
2014-09-05,13.3,13,13.2,17,9618
2014-09-09,13.7,13.2,13.3,22,8735
2014-09-10,13.5,13.3,13.3,8,5362
2014-09-11,13.3,13.2,13.3,6,2000
2014-09-12,13.5,13.2,13.2,8,1615
2014-09-15,13.5,13.2,13.2,8,1787
2014-09-16,13.3,13.2,13.2,6,1110
2014-09-17,13.4,13.1,13.2,5,309
2014-09-18,13.4,13.3,13.3,7,5096
2014-09-19,13.8,13.1,13.6,13,5344
2014-09-22,13.8,13.5,13.5,8,608
2014-09-23,13.2,13.1,13.2,5,10421
2014-09-24,13.5,13.2,13.2,9,127
2014-09-25,13.3,13.2,13.3,10,1644
2014-09-26,13.5,13.2,13.3,10,1122
2014-09-29,13.3,13.2,13.2,15,10730
2014-09-30,13.2,13.1,13.1,7,5804
2014-10-01,13.2,13,13,8,12887
2014-10-02,13.1,13,13,11,9676
2014-10-03,13.2,12.9,13,17,25455
2014-10-07,13.4,13,13,9,14601
2014-10-09,13.1,13,13,2,29
2014-10-10,13.1,12.8,13,10,13512
2014-10-13,13.4,12.5,12.6,17,15438
2014-10-14,13.2,12.9,12.9,5,2300
2014-10-15,13.4,12.9,12.9,20,25601
2014-10-16,13.1,12.9,12.9,25,24788
2014-10-17,14.6,12.9,13.7,82,109287
2014-10-20,14,13.7,13.8,12,11080
2014-10-21,14.3,13.4,13.6,107,122059
2014-10-23,13.8,13,13,21,27610
2014-10-24,13.3,13,13.2,11,24713
2014-10-27,13.4,13.1,13.3,19,16709
2014-10-28,13.4,13.1,13.3,11,10200
2014-10-29,13.7,13.1,13.3,17,16327
2014-10-30,13.6,13.1,13.6,4,1400
2014-10-31,13.5,13.3,13.4,8,8125
2014-11-03,13.7,13.3,13.4,8,1160
2014-11-04,13.3,13.3,13.3,2,1000
2014-11-05,13.3,13.1,13.1,3,3525
2014-11-07,13.3,13.1,13.3,8,2002
2014-11-10,13.4,13.3,13.3,11,3215
2014-11-11,13.5,13,13.1,14,2678
2014-11-12,13.3,13,13,10,16618
2014-11-13,14.5,13.2,13.3,47,38868
2014-11-14,14,13.5,13.7,19,21610
2014-11-17,13.5,13.2,13.5,15,8506
2014-11-18,13.4,13.1,13.1,9,2890
2014-11-19,13.9,13.2,13.4,35,5543
2014-11-20,13.8,13.2,13.7,22,2006
2014-11-21,13.6,13.1,13.5,16,3100
2014-11-24,13.6,11,11.1,95,401513
2014-11-25,12,11.5,11.9,36,53327
2014-11-26,11.7,11.6,11.6,6,5200
2014-11-27,11.5,11.2,11.3,14,50400
2014-11-28,11.5,11.2,11.5,4,8298
2014-12-01,12.1,11.6,12.1,13,22812
2014-12-02,12.1,11.7,12,12,10196
2014-12-03,12,12,12,2,2100
2014-12-04,12,12,12,5,27120
2014-12-05,12,12,12,23,171500
2014-12-09,12.2,12,12,6,1682
2014-12-11,12,11.6,11.6,5,3090
2014-12-12,11.5,11.5,11.5,1,70
2014-12-15,11.6,11.6,11.6,3,1000
2014-12-16,11.6,11.6,11.6,11,4567
2014-12-17,12.3,12,12.2,45,151583
2014-12-18,12.2,12,12,4,11766
2014-12-19,12.5,12.1,12.3,12,1920
2014-12-22,12.1,12.1,12.1,2,17
2014-12-23,11.8,11.8,11.8,1,500
2014-12-26,12.5,12,12.4,3,700
2014-12-29,12.4,12.4,12.4,1,100
2014-12-30,12.1,12.1,12.1,1,313
2014-12-31,12.4,12,12,12,2342
2015-01-02,12,12,12,1,389
2015-01-06,12.1,12.1,12.1,1,300
2015-01-07,12.4,12.2,12.3,5,1110
2015-01-08,12.2,12.2,12.2,1,450
2015-01-09,12.5,12.2,12.5,5,2296
2015-01-12,12.3,12.3,12.3,3,470
2015-01-13,12.3,12.3,12.3,1,80
2015-01-16,12.5,12.4,12.5,5,2040
2015-01-19,12.3,12,12,8,9380
2015-01-20,12,12,12,1,1
2015-01-21,12,11,11.2,17,23307
2015-01-22,11.2,11.1,11.2,3,577
2015-01-23,11.5,11.5,11.5,1,500
2015-01-26,11.5,11.5,11.5,4,1850
2015-01-27,12.5,11.5,11.7,8,1567
2015-01-28,11.8,11.8,11.8,1,499
2015-01-29,11.8,11.8,11.8,1,100
2015-01-30,11.7,11.6,11.6,3,801
2015-02-02,11.6,11.5,11.5,6,1301
2015-02-06,12.1,11.5,11.8,3,1523
2015-02-09,11.7,11.5,11.5,4,600
2015-02-10,11.5,11.5,11.5,2,3051
2015-02-11,11.7,11.6,11.7,4,4500
2015-02-12,11.8,11.5,11.5,9,8158
2015-02-13,12.3,12,12.3,6,2602
2015-02-16,12.5,12.1,12.3,7,3392
2015-02-18,11.9,11.9,11.9,2,66
2015-02-23,12.5,11.9,12.1,5,600
2015-02-25,12.3,12,12,6,1800
2015-02-26,12.2,12.2,12.2,1,10
2015-02-27,12.2,12,12.2,7,11874
2015-03-02,12,12,12,3,69
2015-03-03,12.3,12,12.3,5,529
2015-03-04,12.3,12,12.3,4,820
2015-03-06,12,11.5,12,5,1629
2015-03-09,11.9,11.5,11.5,8,4543
2015-03-10,11.5,11.5,11.5,2,3000
2015-03-11,11.4,11.3,11.4,9,4870
2015-03-12,11.2,11.2,11.2,4,1500
2015-03-13,11.2,10.9,11,6,2593
2015-03-16,13.7,10.9,13.5,89,2674334
2015-03-17,14,12.1,12.8,54,858283
2015-03-18,13,13,13,3,700
2015-03-20,11.6,11.5,11.5,3,500
2015-03-25,11.7,11.5,11.5,4,150
2015-03-26,12.6,11.3,11.5,3,350
2015-03-27,11.2,11,11.1,10,3253
2015-03-30,12,11.2,11.4,2,180
2015-03-31,11,11,11,6,1602
2015-04-01,11.1,11.1,11.1,5,375
2015-04-02,11.5,11.1,11.5,3,3
2015-04-07,11.2,11.2,11.2,2,1000
2015-04-08,11.8,11.2,11.8,4,590
2015-04-09,11.9,11.4,11.4,2,101
2015-04-10,11.2,11.2,11.2,5,1000
2015-04-15,11.8,11.7,11.8,2,200
2015-04-16,12.3,11.9,12.3,3,1259
2015-04-20,12.2,11.7,12.2,2,340
2015-04-22,12,11.7,12,3,560
2015-04-23,11.7,11.5,11.5,3,100
2015-04-24,11.3,11.1,11.2,7,2032
2015-04-27,11.9,11.9,11.9,1,200
2015-04-30,11.9,11.9,11.9,5,2845
2015-05-05,11.5,11.5,11.5,2,45
2015-05-06,12.2,11.6,11.7,6,2245
2015-05-07,12.2,11.9,12.2,3,159
2015-05-11,12.3,11.9,12,7,491
2015-05-12,13,11.9,12.3,9,8415
2015-05-13,12.5,12.4,12.4,6,902
2015-05-14,12.5,12.5,12.5,2,1000
2015-05-15,12.9,12.5,12.9,13,7188
2015-05-18,12.3,12.3,12.3,8,914
2015-05-19,12.6,12.3,12.3,9,12800
2015-05-20,12.4,12.1,12.2,5,4204
2015-05-21,12.5,12.1,12.5,3,1640
2015-05-22,12.5,12.1,12.1,4,3100
2015-05-25,12.5,12,12,13,22851
2015-05-26,12,11.9,12,4,13656
2015-05-27,12.2,12,12.1,3,447
2015-05-28,12,11.9,11.9,10,31700
2015-05-29,11.9,11.8,11.9,7,3000
2015-06-01,12.5,11.8,11.8,15,5567
2015-06-03,12.4,11.7,11.7,8,5585
2015-06-04,11.8,11.7,11.7,5,700
2015-06-05,12.4,12.4,12.4,1,1
2015-06-08,12.4,11.7,11.7,3,520
2015-06-10,12.3,11.7,11.7,2,160
2015-06-11,12.2,12.2,12.2,2,12
2015-06-12,12,11.7,11.8,7,567
2015-06-15,11.7,11.6,11.6,4,470
2015-06-16,12,12,12,1,1
2015-06-18,12,12,12,1,19
2015-06-19,12.2,12.2,12,1,2
2015-06-23,12,11.9,11.9,7,2360
2015-06-24,12.2,12,12,2,140
2015-06-26,12.1,11.9,11.9,7,336
2015-06-29,11.9,11.9,11.9,1,385
2015-06-30,12,11.7,12,3,500
2015-07-02,12.1,12.1,12,2,55
2015-07-06,12.2,11.9,11.9,4,325
2015-07-09,11.7,11,11.1,19,5890
2015-07-10,11.5,11.5,11.5,3,135
2015-07-13,12,11.3,11.6,3,116
2015-07-14,11.4,11.4,11.6,1,15
2015-07-16,11.8,11.8,11.8,2,250
2015-07-17,12.3,11.8,12.2,11,1150
2015-07-20,11.9,11.9,11.9,2,300
2015-07-21,12,12,12,2,1000
2015-07-23,12,12,12,3,540
2015-07-24,12.1,12,12.1,4,350
2015-07-27,12.3,12,12,2,350
2015-07-28,11.9,11,11.7,21,17150
2015-07-29,11.6,11.6,11.7,1,1
2015-07-30,11.7,11.3,11.3,14,4677
2015-08-03,11.6,11.3,11.4,2,625
2015-08-04,11.4,11.3,11.3,5,2250
2015-08-05,11.5,11.2,11.2,21,10150
2015-08-06,11.9,11.9,11.2,1,2
2015-08-07,11.3,10.8,10.9,53,37500
2015-08-10,11.2,10.9,11.2,5,310
2015-08-11,11.2,11.1,11.2,6,2002
2015-08-12,11.5,11.2,11.2,3,210
2015-08-13,11.6,11.1,11.6,42,6302
2015-08-17,11.6,11.6,11.6,3,545
2015-08-18,11.6,11.4,11.5,11,6084
2015-08-19,12,11.6,11.8,20,6492
2015-08-20,11.8,11,11.5,11,4200
2015-08-21,11.6,11.5,11.5,4,969
2015-08-24,11.1,11,11.1,10,4886
2015-08-25,11.7,11.5,11.7,4,3023
2015-08-26,11.6,10.9,11,7,1168
2015-08-27,11.7,11.6,11.7,10,14689
2015-08-28,11.7,11.3,11.3,4,109
2015-08-31,11.6,11.3,11.4,9,760
2015-09-01,11.7,11.3,11.4,4,512
2015-09-02,11.5,11.2,11.2,8,22775
2015-09-03,11.8,11.1,11.1,9,20212
2015-09-04,11.6,11.6,11.6,3,900
2015-09-07,11.6,11.3,11.3,9,479
2015-09-08,11.6,11.1,11.2,9,22173
2015-09-09,11.8,11.6,11.8,5,133
2015-09-10,11.7,11.6,11.7,2,100
2015-09-11,11.7,11.7,11.7,3,107
2015-09-15,11.7,11.3,11.6,11,590
2015-09-16,11.7,11.3,11.6,3,14
2015-09-17,11.7,11.7,11.6,1,2
2015-09-21,11.7,11.7,11.7,8,101
2015-09-22,11.7,11.3,11.3,6,6243
2015-09-25,11.6,11.5,11.5,5,208
2015-09-28,11.6,11.6,11.5,1,10
2015-09-29,11.6,11.3,11.6,11,361
2015-09-30,11.5,11.5,11.6,1,20
2015-10-01,11.7,11,11.6,7,3601
2015-10-02,11.8,11,11.8,7,2869
2015-10-05,11.7,11.3,11.7,9,17421
2015-10-06,11.7,11.2,11.4,7,10927
2015-10-07,11.1,11.1,11.1,1,5750
2015-10-08,11.3,11.1,11.1,3,1888
2015-10-09,11.2,11,11.1,8,5100
2015-10-13,11.5,11.5,11.5,7,1295
2015-10-15,11.2,11.1,11.2,3,504
2015-10-16,11.1,11.1,11.1,5,10400
2015-10-19,11.1,11.1,11.1,2,1360
2015-10-20,11.1,11.1,11.1,3,211
2015-10-21,11.1,11.1,11.1,1,100
2015-10-22,11.1,11.1,11.1,4,61
2015-10-23,11.1,11.1,11.1,1,5
2015-10-26,11.1,11.1,11.1,2,1250
2015-10-28,11,11,11,1,100
2015-10-29,11.3,11.3,11,1,1
2015-10-30,10.9,10.9,10.9,4,2550
2015-11-02,11.3,10.8,10.9,6,3301
2015-11-03,10.9,10.8,10.8,4,1300
2015-11-04,11.5,10.8,10.8,6,749
2015-11-05,11.1,11,11.1,6,4470
2015-11-06,11,11,11,3,600
2015-11-09,11,11,11,1,310
2015-11-11,11.3,10.8,10.8,7,5339
2015-11-12,11,10.8,10.8,4,3150
2015-11-13,10.8,10.8,10.8,6,3018
2015-11-16,10.8,10.7,10.7,13,10228
2015-11-17,10.7,10,10.3,10,5024
2015-11-18,10.3,10.1,10.3,4,202
2015-11-19,10.3,10.3,10.3,2,500
2015-11-23,11.5,11,11.4,6,7729
2015-11-24,11.4,11.4,11.4,2,150
2015-11-26,10.5,10,10.2,9,5000
2015-11-27,10.2,10.2,10.2,1,10
2015-12-01,10.4,10.4,10.4,3,472
2015-12-02,10.6,10.4,10.6,2,1080
2015-12-03,10.5,10.4,10.4,5,11070
2015-12-04,10.4,10.4,10.4,1,10
2015-12-07,10.4,10.4,10.4,2,2470
2015-12-08,10.5,10.5,10.5,1,100
2015-12-09,10.6,10.6,10.6,1,200
2015-12-10,10.8,10.4,10.8,9,5102
2015-12-16,11,11,10.8,1,1
2015-12-17,10.4,10.4,10.4,2,100
2015-12-18,12.6,10.9,12,11,5000
2015-12-21,10.6,10.6,10.6,2,200
2015-12-22,10.6,10.6,10.6,3,1470
2015-12-23,11.4,10.6,10.6,8,808
2015-12-28,10.6,10.6,10.6,3,1000
2015-12-29,10.9,10.9,10.9,4,248
2015-12-30,10.9,10.9,10.9,1,10
2015-12-31,10.9,10.9,10.9,1,5
2016-01-04,11,10.9,11,2,110
2016-01-05,10.8,10.5,10.6,3,101
2016-01-06,10.8,10.2,10.3,4,2154
2016-01-07,10.1,10.1,10.3,1,50
2016-01-08,10.6,10.5,10.6,3,3000
2016-01-11,10.2,10,10,12,5058
2016-01-12,10,10,10,11,24925
2016-01-14,10.5,10.4,10.4,3,549
2016-01-18,10.5,10.2,10.2,5,3166
2016-01-19,10.5,10.2,10.2,2,500
2016-01-20,10.4,10,10.1,5,470
2016-01-21,10.3,10,10.2,2,490
2016-01-22,10.3,10.3,10.2,1,10
2016-01-25,10,9.8,10,4,1486
2016-01-27,9.8,8.8,9.2,2,1000
2016-01-29,10.2,10.2,9.2,1,6
2016-02-02,10.3,10.3,9.2,1,1
2016-02-05,10.7,10.6,10.6,3,700
2016-02-09,10.8,10.8,10.6,1,1
2016-02-10,10.7,10,10,5,292
2016-02-11,10.8,10.5,10.5,2,201
2016-02-15,12,9.5,9.6,11,2872
2016-02-16,10.4,10.4,9.6,1,1
2016-02-17,10.4,10.2,10.4,7,5980
2016-02-18,10.4,10.4,10.4,1,1
2016-02-19,11.3,10,10,3,5201
2016-02-23,12,10,10,7,50103
2016-02-25,10,9.8,9.9,6,10002
2016-02-26,9.9,9.8,9.9,8,7511
2016-02-29,9.8,9.8,9.8,2,200
2016-03-01,10,9.7,9.7,10,17100
2016-03-02,10,9.5,9.6,6,6702
2016-03-08,9.3,9,9,12,13303
2016-03-09,9,8.5,8.7,11,2708
2016-03-10,10,9,10,2,102
2016-03-11,10.3,10.3,10,1,5
2016-03-14,10.3,9,9.9,3,700
2016-03-15,10,10,10,1,404
2016-03-16,10.3,10,10.3,3,2083
2016-03-17,9.8,9.8,9.8,2,200
2016-03-18,9.8,9.5,9.6,7,2780
2016-03-21,10.7,10.7,10.7,1,200
2016-03-28,9.7,9.7,9.7,1,100
2016-03-29,9.7,9.2,9.6,3,1950
2016-03-30,9.6,9.6,9.6,3,2280
2016-03-31,9.7,9.6,9.6,4,2000
2016-04-01,11,10.2,11,7,20000
2016-04-04,10.2,10.2,11,1,10
2016-04-05,11,10,10.5,11,10795
2016-04-06,11,10.9,11,6,16978
2016-04-07,11,11,11,3,11550
2016-04-08,11,11,11,4,8749
2016-04-11,11.7,10.3,11,3,97
2016-04-12,11.7,10.5,11.1,3,4200
2016-04-22,10.5,10.5,11.1,1,50
2016-04-28,10.4,10.4,10.4,3,1000
2016-04-29,10.9,10.9,10.9,2,1950
2016-05-03,11,10.6,10.6,5,401
2016-05-04,10.6,10.5,10.5,6,504
2016-05-05,10.5,10.5,10.5,1,244
2016-05-06,10.5,10.5,10.5,4,500
2016-05-09,10.6,10.5,10.5,5,502
2016-05-10,11.4,10.5,11.4,2,1100
2016-05-11,11.4,11.4,11.4,5,2500
2016-05-12,11.5,11.4,11.5,6,12118
2016-05-13,11.5,11.5,11.5,2,140
2016-05-16,11.5,11.5,11.5,5,6465
2016-05-17,10.8,10.8,10.8,2,1025
2016-05-18,11,10.5,10.5,18,14101
2016-05-19,10.5,10.2,10.2,28,44000
2016-05-24,10.3,10,10,12,21650
2016-05-25,10.9,10.9,10,1,10
2016-05-30,11,10.1,10.5,19,98574
2016-05-31,10.3,10.2,10.2,6,15600
2016-06-01,10.6,10.3,10.4,6,1570
2016-06-02,10.3,10.3,10.4,1,40
2016-06-07,10.8,10.8,10.8,2,220
2016-06-09,10.3,10,10,14,31662
2016-06-10,10,9.8,10,5,9000
2016-06-13,9.9,9.9,9.9,1,100
2016-06-14,9.8,9.8,9.8,5,3310
2016-06-17,9.8,9.7,9.7,3,2356
2016-06-22,10,9.7,9.7,9,4620
2016-06-23,10.5,9.7,10.5,3,4200
2016-06-24,10.7,10.6,10.7,3,1000
2016-06-27,10,9.6,9.7,7,6380
2016-06-29,9.5,9.5,9.5,1,200
2016-06-30,9.8,9.8,9.8,2,501
2016-07-01,10.3,9.7,9.7,4,203
2016-07-04,10.1,9.8,9.9,4,502
2016-07-07,10.3,9.6,9.7,2,225
2016-07-11,10.8,10.1,10.4,5,1000
2016-07-12,11,10.9,10.9,3,511
2016-07-14,9.9,9.9,10.9,1,5
2016-07-15,10.5,10.5,10.9,1,2
2016-07-18,10.5,10.2,10.2,3,1048
2016-07-20,10.4,10.1,10.4,5,1153
2016-07-21,10.3,10,10,8,5064
2016-07-22,10.7,10.6,10.6,2,350
2016-07-25,10.5,10.5,10.6,1,50
2016-07-26,10,10,10,1,100
2016-07-28,9.9,9.8,9.8,8,3150
2016-07-29,10,10,10,1,1000
2016-08-01,9.9,9.9,10,1,1
2016-08-02,10,10,10,2,101
2016-08-05,10.1,10,10.1,4,1100
2016-08-08,10.1,10,10,4,2200
2016-08-09,10,10,10,2,600
2016-08-10,10,9.7,9.7,13,6766
2016-08-11,10.3,10,10.1,2,150
2016-08-12,11,11,11,6,5535
2016-08-16,10,10,10,4,5050
2016-08-18,10,9.9,9.9,5,2204
2016-08-23,10,10,10,2,105
2016-08-24,10,9.8,9.9,8,4267
2016-08-25,9.8,9.7,9.7,6,9622
2016-08-26,9.8,9.5,9.7,13,40651
2016-08-29,9.8,9.5,9.8,3,2078
2016-08-31,9.8,9.6,9.7,15,34700
2016-09-01,9.8,9.8,9.8,4,10200
2016-09-05,9.8,9.7,9.8,2,15
2016-09-06,9.8,9.5,9.5,9,6580
2016-09-07,9.8,9.5,9.5,2,600
2016-09-08,9.8,9.8,9.5,4,34
2016-09-09,9.8,9.6,9.6,5,451
2016-09-13,9.7,9.7,9.7,1,135
2016-09-14,9.8,9.5,9.5,18,1615
2016-09-15,9.6,9.5,9.6,2,250
2016-09-19,9.8,9.7,9.8,4,15400
2016-09-20,9.8,9.8,9.8,2,35420
2016-09-21,10.2,10.2,9.8,1,1
2016-09-22,9.8,9.7,9.7,5,3700
2016-09-23,9.6,9.5,9.5,3,200
2016-09-26,10,9.7,9.8,6,184
2016-09-27,9.9,9.9,9.8,5,18
2016-09-28,9.9,9.6,9.7,3,250
2016-09-29,9.9,9.7,9.7,3,106
2016-09-30,9.7,9.6,9.7,6,997
2016-10-04,9.8,9.7,9.7,2,80
2016-10-05,9.8,9.7,9.7,9,2260
2016-10-06,9.7,9.5,9.5,2,1000
2016-10-07,9.9,9.9,9.9,1,450
2016-10-11,9.8,9.8,9.9,2,22
2016-10-13,9.9,9.9,9.9,1,5
2016-10-18,9.9,9.9,9.9,1,1
2016-10-19,9.7,9.7,9.7,2,150
2016-10-24,9.5,9.5,9.5,1,2000
2016-10-25,9.6,9.5,9.5,3,1407
2016-10-26,9.6,9.6,9.6,2,1356
2016-10-27,9.8,9.8,9.6,1,10
2016-10-31,9.6,9.5,9.5,10,35020
2016-11-02,9.6,9.6,9.6,2,180
2016-11-03,9.6,9.6,9.6,1,1000
2016-11-04,9.6,9.6,9.6,2,20
2016-11-07,10.2,9.8,9.8,3,351
2016-11-09,9.9,9.6,9.6,6,12410
2016-11-10,9.9,9.6,9.6,6,2510
2016-11-11,9.9,9.6,9.6,5,4471
2016-11-16,9.6,9.5,9.6,4,1635
2016-11-17,9.5,9.5,9.5,2,4301
2016-11-18,9.6,9.4,9.5,7,1820
2016-11-23,9.5,9.4,9.4,2,100
2016-11-24,9.4,9.4,9.4,1,13
2016-11-25,9.7,9.4,9.4,7,2100
2016-11-29,9.4,9.4,9.4,2,875
2016-12-05,9.4,9.4,9.4,6,6745
2016-12-07,9.4,9,9.1,4,5002
2016-12-09,9.2,9.2,9.1,1,1
2016-12-15,9.1,9,9,4,9000
2016-12-20,9.1,9,9,4,1650
2016-12-23,9.9,9.7,9.8,7,641
2016-12-28,9.5,9.5,9.8,1,59
2016-12-30,9.7,8.6,9.7,4,2460
2017-01-02,9.8,9.4,9.7,5,9390
2017-01-03,9.7,9.7,9.7,1,2
2017-01-04,9.9,9.7,9.7,3,1100
2017-01-05,9.7,9.7,9.7,2,5200
2017-01-09,9.7,9.7,9.7,2,500
2017-01-10,9.7,9.7,9.7,6,4477
2017-01-11,9.9,9.7,9.8,4,700
2017-01-16,9.9,9.7,9.7,2,522
2017-01-19,9.9,9.9,9.7,1,5
2017-01-23,9.8,9.8,9.8,1,1000
2017-01-27,9.2,9.2,9.8,1,33
2017-01-30,9.4,9.4,9.4,2,200
2017-01-31,9.5,9.5,9.5,2,200
2017-02-02,9.4,9.4,9.4,2,600
2017-02-03,9.2,9.2,9.4,1,1
2017-02-06,9.4,8.7,8.9,11,2351
2017-02-07,9,9,9,1,100
2017-02-09,9,8.8,8.8,2,400
2017-02-13,8.9,8.9,8.8,2,10
2017-02-15,9,8.7,8.7,8,3607
2017-02-16,9,8.6,8.6,7,13800
2017-02-21,9,9,9,1,100
2017-02-23,9,8.8,9,7,9301701
2017-02-27,8.6,8.6,8.6,1,131
2017-02-28,8.9,8.5,8.6,8,1637
2017-03-01,8.5,8,8.1,5,6167
2017-03-02,8.2,8,8,4,1700
2017-03-03,8,7.8,8,4,63
2017-03-06,7.8,7.8,7.8,2,400
2017-03-08,7.8,7.8,7.8,2,301
2017-03-09,7.8,7.7,7.8,5,1520
2017-03-10,7.8,7.7,7.7,5,1870
2017-03-13,7.9,7.7,7.8,4,2600
2017-03-14,7.8,7.8,7.8,1,1100
2017-03-15,7.8,7.7,7.7,4,4100
2017-03-16,7.8,7.7,7.7,3,4550
2017-03-17,8,7.7,7.8,5,1569
2017-03-22,8,7.7,8,6,4488
2017-03-23,8.4,7.6,8.4,4,200
2017-03-24,8,7.9,7.9,7,4901
2017-03-27,8.4,8,8.4,4,11051
2017-03-28,8.4,8.4,8.4,1,1
2017-03-30,8.4,7.9,8,8,1606
2017-03-31,7.9,7.9,7.9,1,100
2017-04-03,8.3,8.1,8.1,5,3170
2017-04-04,8.1,8.1,8.1,5,2429
2017-04-05,8.3,8.3,8.3,3,125
2017-04-06,8.4,8,8.3,7,1065
2017-04-07,9,8.4,8.8,8,5493
2017-04-11,8.8,8.5,8.8,3,8855
2017-04-12,8.8,8.8,8.8,3,1011
2017-04-17,8.7,8.6,8.6,3,1020
2017-04-18,8.6,8.6,8.6,1,580
2017-04-19,9.3,8.7,8.8,5,11287
2017-04-21,9.1,9,9.1,8,6040
2017-04-24,9.2,9,9.1,15,5313
2017-04-25,10,9.2,9.5,31,30272
2017-04-26,9.9,9.2,9.8,6,716
2017-04-27,9.8,9.8,9.8,9,8011
2017-04-28,9.8,9.2,9.8,12,3583
2017-05-02,9.9,9.8,9.8,5,1221
2017-05-03,10,9.8,10,11,20083
2017-05-04,10.2,10,10.1,7,8803
2017-05-05,10.1,10,10.1,2,4175
2017-05-08,11.1,10.1,10.9,47,305690
2017-05-09,11.7,11.1,11.5,35,17870
2017-05-12,12,11.1,11.7,49,136659
2017-05-15,13.2,12,13.1,73,121911
2017-05-16,13.5,13.1,13.2,78,159336
2017-05-17,13.5,13.3,13.4,31,35836
2017-05-18,13.5,13,13.2,20,9961
2017-05-19,13.4,13.3,13.4,15,3765
2017-05-22,13.4,13,13,9,3400
2017-05-23,13.2,13,13.2,12,7874
2017-05-24,13,13,13,2,2000
2017-05-25,14.2,13.2,14,116,271034
2017-05-26,14.5,14,14,34,41546
2017-05-29,14.4,13.5,13.6,8,10032
2017-05-30,14,13.5,13.5,11,2180
2017-05-31,13.9,13.5,13.5,9,8200
2017-06-01,13.5,13.1,13.5,13,12150
2017-06-02,13.6,13.3,13.4,12,12279
2017-06-05,13.5,13.3,13.5,5,4151
2017-06-06,13.8,13.3,13.6,8,3191
2017-06-07,13.6,13.5,13.5,6,43138
2017-06-09,13.6,13.6,13.6,1,9762
2017-06-12,13.7,13.2,13.2,14,65498
2017-06-13,13.4,13.1,13.1,7,3392
2017-06-14,13.2,13.2,13.2,1,5000
2017-06-15,13.2,13,13.2,12,19010
2017-06-16,13.2,12.9,12.9,7,5400
2017-06-19,13.1,12.6,12.6,10,13570
2017-06-20,12.6,12.6,12.6,4,710
2017-06-21,13,12.5,13,14,113759
2017-06-22,13.8,13.2,13.4,14,40505
2017-06-23,13.9,13.4,13.5,7,9010
2017-06-28,13.7,13.5,13.7,10,52210
2017-06-29,13.6,13.4,13.6,5,28765
2017-06-30,14,13.5,13.9,39,84852
2017-07-03,14.5,13.8,13.8,10,14003
2017-07-04,14.1,13.7,14.1,5,3062
2017-07-05,14.5,14,14.4,52,115312
2017-07-06,14.9,14.6,14.7,53,68637
2017-07-07,15,14,14.7,40,65392
2017-07-10,14.9,14.5,14.8,19,36416
2017-07-11,14.8,14.3,14.7,32,125472
2017-07-12,15.5,14.8,15.2,47,63519
2017-07-13,15.9,15.4,15.7,144,188833
2017-07-14,15.8,15.2,15.2,29,47984
2017-07-17,15.2,15,15.1,7,3225
2017-07-18,15.3,14.7,14.8,10,17805
2017-07-19,15.3,14.8,15.3,31,28809
2017-07-20,15.4,14.8,14.9,9,5361
2017-07-21,15.5,14.8,14.8,9,5900
2017-07-24,15.9,15.3,15.7,55,42221
2017-07-25,15.9,15.5,15.6,38,65201
2017-07-26,15.9,15.5,15.6,34,54893
2017-07-27,15.8,15.1,15.1,9,9626
2017-07-28,15.9,15.4,15.4,18,67824
2017-07-31,15.4,15.1,15.1,26,49100
2017-08-01,15,14.9,14.9,12,29000
2017-08-02,14.9,14.5,14.8,7,2712
2017-08-03,14.8,14.8,14.8,3,2102
2017-08-04,14.8,14.5,14.5,3,213
2017-08-09,15.7,14.3,14.5,5,941
2017-08-10,15,14.5,14.5,2,70
2017-08-11,15.8,14.8,15.6,92,144405
2017-08-14,15.6,15.1,15.1,16,23528
2017-08-15,15.2,15,15.1,3,1500
2017-08-16,14.9,14,14.6,17,3001
2017-08-17,15,14.3,14.8,7,1077
2017-08-18,14.3,14.3,14.8,1,78
2017-08-21,14.3,14.1,14.1,4,1923
2017-08-22,14.2,14.2,14.1,1,1
2017-08-23,14.3,13.9,14,11,24050
2017-08-24,14.7,14,14.5,7,7909
2017-08-25,14.8,14.2,14.8,8,1184
2017-08-28,15,14.8,14.9,42,71731
2017-08-29,14.8,14.2,14.3,7,20010
2017-08-30,14.8,14.1,14.1,9,20580
2017-08-31,14.8,14.3,14.3,6,1467
2017-09-04,14.9,14.7,14.9,20,1703
2017-09-06,15.3,14.6,14.7,39,59201
2017-09-07,15,15,14.7,3,50
2017-09-08,15.3,15,15.2,72,222191
2017-09-11,15.5,15.2,15.3,67,112069
2017-09-12,15.4,15,15.3,27,31672
2017-09-13,15.6,15.2,15.6,73,123107
2017-09-14,16.5,15.6,16.4,172,386076
2017-09-15,17.5,16.2,17.4,274,767272
2017-09-18,17.4,16.9,17,54,38960
2017-09-19,17.2,16.2,16.3,92,64437
2017-09-20,16.5,15.5,15.6,64,60627
2017-09-21,16,15.6,16,6,1478
2017-09-22,16,15.7,15.9,10,924
2017-09-25,16.7,16,16.7,62,53067
2017-09-26,17.1,16.4,16.5,75,119297
2017-09-27,16.9,16.2,16.4,31,47115
2017-09-28,16.7,16.2,16.3,24,26242
2017-09-29,16.6,16.4,16.5,9,6300
2017-10-02,17.5,16.5,17.3,113,125480
2017-10-03,18.4,17.5,17.9,148,195009
2017-10-04,18,17.2,18,25,37630
2017-10-06,18.2,17.5,17.9,26,25179
2017-10-09,17.6,17.2,17.3,22,21441
2017-10-10,17.5,17,17,33,29726
2017-10-11,17.2,16.8,16.9,14,5084
2017-10-12,17,16.2,16.2,34,40418
2017-10-13,16.8,16.2,16.5,14,3804
2017-10-16,16.5,16.2,16.4,5,19790
2017-10-17,17,16.1,17,5,6035
2017-10-19,16.9,16.3,16.3,10,22457
2017-10-20,16.1,16.1,16.3,3,36
2017-10-23,16.5,16,16,21,30224
2017-10-24,16.4,16.4,16.4,3,210
2017-10-25,16.5,16.2,16.2,12,11083
2017-10-26,17.6,16.4,17.2,72,144968
2017-10-27,18.6,17.3,17.7,187,278223
2017-10-30,18.9,18,18.5,102,146657
2017-10-31,18.9,18,18.6,69,117431
2017-11-01,19.5,18.8,19.1,140,269434
2017-11-02,19.2,18.2,18.5,47,38586
2017-11-06,18.3,18,18.3,7,13520
2017-11-07,19,18.2,18.5,44,42589
2017-11-08,19,18.2,18.2,15,9644
2017-11-09,18.3,17.7,17.8,75,105515
2017-11-10,17.8,17.5,17.7,30,46591
2017-11-13,18.1,17.6,17.7,37,31141
2017-11-14,17.5,16.3,16.6,32,9626
2017-11-15,17,17,17,12,13981
2017-11-16,17.2,17,17,5,3600
2017-11-17,17.3,17,17,7,5275
2017-11-20,17.4,17,17,21,12159
2017-11-21,17,16.9,16.9,3,116
2017-11-22,17,16.8,16.8,6,525
2017-11-23,16.5,16.1,16.5,16,34148
2017-11-24,16.4,15.6,15.6,50,42218
2017-11-27,16.4,15.7,15.8,45,52731
2017-11-28,15.9,15.4,15.5,21,17010
2017-11-29,15.8,15.4,15.4,20,23994
2017-11-30,15.8,15.3,15.3,13,13896
2017-12-04,16,15.4,15.5,15,2861
2017-12-05,15.8,15.3,15.7,15,4240
2017-12-06,15.9,15.3,15.4,14,1832
2017-12-07,15.9,15.4,15.6,6,2600
2017-12-08,15.8,15.7,15.8,5,2940
2017-12-11,15.6,15.3,15.4,15,8830
2017-12-12,16.7,15.4,16.2,26,17115
2017-12-13,15.6,15.3,15.4,15,8830
2017-12-14,16.3,16,16.3,3,31500
2017-12-15,16.9,16.2,16.3,21,17311
2017-12-18,16,15.2,15.2,40,23589
2017-12-19,15.8,15,15.8,12,4700
2017-12-20,16.2,15.6,16,15,8407
2017-12-22,16.2,16,16.1,6,1065
2017-12-26,17.6,16.3,16.9,64,82280
2017-12-27,18,17.4,17.7,9,2150
2017-12-28,17.6,16.8,17,10,6732
2017-12-29,17,16.8,17,8,3119
2018-01-02,17.60,17.20,17.20,4,555
2018-01-03,17.20,16.80,17.20,2,47
2018-01-04,17.60,16.80,17.00,13,95510
2018-01-05,17.40,17.40,17.40,3,500
2018-01-08,17.60,16.80,17.30,14,14576
2018-01-09,17.00,16.90,16.90,5,2040
2018-01-10,16.80,16.80,16.80,2,1100
2018-01-11,16.60,16.50,16.60,12,1961
2018-01-12,16.80,16.80,16.80,2,1100
2018-01-16,16.40,16.20,16.20,8,10743
2018-01-17,17.00,16.10,16.90,6,287
2018-01-18,17.30,16.70,17.10,6,700
2018-01-19,17.30,17.00,17.10,3,8
2018-01-22,17.20,16.20,17.20,3,180
2018-01-23,16.30,16.20,16.20,7,13800
2018-01-24,17.10,16.30,17.10,2,105
2018-01-26,16.80,16.30,16.40,9,2405
2018-01-29,16.30,16.30,16.40,1,1
2018-01-30,16.30,16.30,16.30,3,1645
2018-02-01,17.10,16.50,16.70,7,2300
2018-02-02,17.20,16.50,17.10,14,19524
2018-02-06,17.00,17.00,17.00,3,4090
2018-02-07,16.80,16.30,16.80,3,600
2018-02-08,17.80,16.30,17.00,25,29485
2018-02-09,18.50,17.90,18.10,124,287594
2018-02-12,18.60,17.50,17.60,27,33695
2018-02-14,18.30,17.30,18.00,20,38635
2018-02-15,18.00,17.50,17.70,19,37109
2018-02-16,18.10,18.00,18.00,6,2410
2018-02-19,18.00,17.50,17.70,4,201
2018-02-20,18.00,17.00,17.10,11,3810
2018-02-21,17.00,17.00,17.10,3,7
2018-02-22,18.50,17.80,18.00,13,26418
2018-02-23,18.30,18.00,18.00,5,510
2018-02-26,18.00,18.00,18.00,1,100
2018-02-27,17.00,17.00,17.00,3,300
2018-02-28,18.10,17.50,17.90,7,3477
2018-03-06,18.00,17.00,17.00,5,3802
2018-03-07,18.00,16.70,17.90,11,1212
2018-03-09,17.80,17.80,17.90,1,3
2018-03-12,17.80,17.50,17.60,3,1200
2018-03-13,17.50,17.50,17.50,10,15008
2018-03-14,17.60,17.30,17.60,2,200
2018-03-16,17.40,17.20,17.30,6,25050
2018-03-19,18.00,17.20,17.20,6,19209
2018-03-20,17.80,17.20,17.30,3,131
2018-03-21,17.70,17.60,17.70,5,3020
2018-03-23,17.60,17.60,17.60,1,30000
2018-03-26,17.00,17.00,17.00,7,5510
2018-03-27,16.90,16.30,16.80,12,39005
2018-03-29,16.20,15.90,16.00,26,75901
2018-04-02,17.00,16.90,17.00,5,15000
2018-04-05,16.40,16.00,16.00,23,22065
2018-04-06,16.40,16.00,16.00,7,43096
2018-04-09,16.70,16.50,16.70,19,24716
2018-04-10,16.90,16.60,16.90,24,13550
2018-04-11,16.90,16.80,16.80,3,3000
2018-04-12,16.90,16.00,16.90,23,11145
2018-04-16,17.00,16.90,16.90,2,700
2018-04-17,17.00,17.00,17.00,2,555
2018-04-18,17.30,17.00,17.10,5,805
2018-04-19,17.30,17.00,17.10,5,3700
2018-04-20,17.30,16.20,16.20,3,101
2018-04-23,16.30,16.30,16.30,1,1000
2018-04-24,16.40,16.40,16.30,1,10
2018-04-25,17.20,17.00,17.10,5,1765
2018-04-27,16.40,16.40,17.10,1,5
2018-05-01,17.20,16.20,16.20,3,251
2018-05-02,17.00,16.20,17.00,4,250
2018-05-03,17.00,17.00,17.00,3,41
2018-05-04,16.20,16.00,16.20,7,5903
2018-05-08,16.50,16.00,16.50,16,5706
2018-05-09,16.00,16.00,16.00,2,1008
2018-05-11,16.40,16.00,16.00,5,1505
2018-05-14,16.50,16.00,16.30,5,8545
2018-05-15,16.50,15.90,16.00,16,10807
2018-05-17,15.90,15.00,15.30,16,16106
2018-05-18,15.50,15.20,15.30,4,1300
2018-05-21,15.80,15.80,15.80,1,100
2018-05-22,15.80,15.10,15.80,3,60
2018-05-23,15.10,15.00,15.10,6,2050
2018-05-24,15.50,15.20,15.40,2,200
2018-05-25,15.00,14.00,14.00,13,2600
2018-05-28,15.40,15.00,15.30,4,132
2018-05-30,15.20,15.20,15.30,1,5
2018-06-05,14.50,14.00,14.00,4,120
2018-06-07,14.70,13.70,14.50,4,158
2018-06-08,13.70,13.50,13.60,2,105
2018-06-11,13.90,13.50,13.90,5,901
2018-06-12,13.50,13.50,13.50,3,250
2018-06-13,13.50,13.30,13.30,9,29602
2018-06-14,13.90,13.20,13.30,5,500
2018-06-18,13.10,13.00,13.00,7,7515
2018-06-19,13.50,12.00,13.20,19,9355
2018-06-21,12.50,12.50,12.50,2,17555
2018-06-22,13.50,12.20,13.40,10,28911
2018-06-25,13.50,12.40,13.40,7,1027
2018-06-26,13.70,13.40,13.60,7,5500
2018-06-28,13.50,13.50,13.60,1,50
2018-06-29,13.00,12.80,12.80,4,431
2018-07-02,12.90,12.40,12.70,6,811
2018-07-03,12.10,11.90,12.00,22,19477
2018-07-04,12.60,11.50,11.60,16,4761
2018-07-05,12.20,12.00,12.00,10,19140
2018-07-06,12.80,12.00,12.10,11,16091
2018-07-09,12.60,12.60,12.60,1,100
2018-07-11,12.80,12.80,12.80,1,200
2018-07-12,12.70,12.00,12.70,3,1110
2018-07-13,12.60,12.00,12.60,4,584
2018-07-16,12.60,12.00,12.10,6,628
2018-07-17,12.50,11.70,12.10,11,5879
2018-07-18,12.50,12.00,12.30,7,830
